name,region,year,pop_n,pop_u,wat_bas_n,wat_lim_n,wat_unimp_n,wat_sur_n,wat_bas_r,wat_lim_r,wat_unimp_r,wat_sur_r,wat_bas_u,wat_lim_u,wat_unimp_u,wat_sur_u
Afghanistan,"South Asia",2015,34413.6,24.803,61.3398,3.5112,22.1688,12.9802,52.9885,3.86114,26.5533,16.5971,86.6589,2.45027,8.87604,2.01475
Afghanistan,"South Asia",2020,38928.3,26.026,75.0914,1.44754,14.5603,8.90078,66.3279,1.95682,19.6829,12.0323,100,0,0,0
Albania,"Europe & Central Asia",2015,2890.52,57.434,93.3943,3.62638,2.97929,0,90.6273,5.26317,4.10955,0,95.4451,2.41331,2.14162,0
Albania,"Europe & Central Asia",2020,2877.8,62.112,95.068,1.88466,3.04731,0,94.0914,2.30526,3.60338,0,95.6638,1.62809,2.7081,0
Algeria,"Middle East & North Africa",2015,39728,70.848,93.4096,5.15778,1.27546,0.157193,88.3527,8.68575,2.58043,0.381108,95.4903,3.70612,0.73851,0.0650579
Algeria,"Middle East & North Africa",2020,43851,73.733,94.4373,4.98588,0.531837,0.0449525,90.0375,8.79672,0.994603,0.171137,96.0047,3.62829,0.366976,0
"American Samoa","East Asia & Pacific",2015,55.806,87.238,99.6191,0,0.380897,0,NULL,NULL,NULL,NULL,NULL,NULL,NULL,NULL
"American Samoa","East Asia & Pacific",2020,55.197,87.153,99.7738,0,0.226228,0,NULL,NULL,NULL,NULL,NULL,NULL,NULL,NULL
Andorra,"Europe & Central Asia",2015,77.993,88.345,100,0,0.00000244554,0,100,0,0,0,100,0,0,0
Andorra,"Europe & Central Asia",2020,77.265,87.916,100,0,0,0,100,0,0,0,100,0,0,0
Angola,"Sub-Saharan Africa",2015,27884.4,63.446,54.3169,11.3686,17.3724,16.9421,26.7144,9.93107,21.7253,41.6293,70.22,12.1969,14.8644,2.71875
Angola,"Sub-Saharan Africa",2020,32866.3,66.825,57.1677,9.28735,19.4508,14.0941,27.8082,8.74049,22.9332,40.5181,71.7431,9.55884,17.722,0.975979
Anguilla,"Latin America & Caribbean",2015,14.279,100,97.4823,0,2.51773,0,NULL,NULL,NULL,NULL,97.4823,0,2.51773,0
Anguilla,"Latin America & Caribbean",2017,14.588,100,97.4823,0,2.51773,0,NULL,NULL,NULL,NULL,97.4823,0,2.51773,0
"Antigua and Barbuda","Latin America & Caribbean",2015,93.571,25,96.7392,0,3.16635,0.0944661,NULL,NULL,NULL,NULL,NULL,NULL,NULL,NULL
"Antigua and Barbuda","Latin America & Caribbean",2017,95.425,24.713,96.7392,0,3.16635,0.0944661,NULL,NULL,NULL,NULL,NULL,NULL,NULL,NULL
Argentina,"Latin America & Caribbean",2015,43075.4,91.503,98.9666,0,0.664914,0.368497,92.9837,0,2.67954,4.33679,99.5222,0,0.477837,0
Argentina,"Latin America & Caribbean",2020,45195.8,92.111,NULL,NULL,NULL,NULL,NULL,NULL,NULL,NULL,99.7904,0,0.209579,0
Armenia,"Europe & Central Asia",2015,2925.56,63.085,99.5526,0,0.0985051,0.348928,99.0548,0,0,0.945221,99.8439,0,0.156147,0
Armenia,"Europe & Central Asia",2020,2963.23,63.313,99.9712,0,0.0288193,0,100,0,0,0,99.9545,0,0.0455188,0
Aruba,"Latin America & Caribbean",2015,104.339,43.108,97.869,0,1.95994,0.17104,NULL,NULL,NULL,NULL,NULL,NULL,NULL,NULL
Aruba,"Latin America & Caribbean",2016,104.865,43.192,97.869,0,1.95994,0.17104,NULL,NULL,NULL,NULL,NULL,NULL,NULL,NULL
Australia,"East Asia & Pacific",2015,23932.5,85.701,99.97,0,0.0299943,0,100,0,0,0,99.965,0,0.035,0
Australia,"East Asia & Pacific",2020,25499.9,86.241,99.9698,0,0.0301882,0,100,0,0,0,99.965,0,0.035,0
Austria,"Europe & Central Asia",2015,8678.67,57.715,100,0,0,0,100,0,0,0,100,0,0,0
Austria,"Europe & Central Asia",2020,9006.4,58.748,100,0,0,0,100,0,0,0,100,0,0,0
Azerbaijan,"Europe & Central Asia",2015,9622.74,54.714,92.4203,1.00224,4.36509,2.21235,84.1432,2.21314,8.98821,4.65544,99.2711,0,0.538602,0.190246
Azerbaijan,"Europe & Central Asia",2020,10139.2,56.397,96.0434,1.04278,2.91384,0,90.9258,2.39154,6.68267,0,100,0,0,0
Bahamas,"Latin America & Caribbean",2015,374.2,82.746,98.887,0,1.11304,0,NULL,NULL,NULL,NULL,NULL,NULL,NULL,NULL
Bahamas,"Latin America & Caribbean",2019,389.486,83.132,98.887,0,1.11304,0,NULL,NULL,NULL,NULL,NULL,NULL,NULL,NULL
Bahrain,"Europe & Central Asia",2015,1371.85,88.999,100,0,0,0,NULL,NULL,NULL,NULL,NULL,NULL,NULL,NULL
Bahrain,"Europe & Central Asia",2020,1701.58,89.506,100,0,0,0,NULL,NULL,NULL,NULL,NULL,NULL,NULL,NULL
Bangladesh,"South Asia",2015,156256,34.308,97.1016,1.08799,0.721562,1.08885,96.773,1.04621,0.731747,1.44903,97.7308,1.16798,0.702058,0.399184
Bangladesh,"South Asia",2020,164689,38.177,97.698,1.15643,0.462656,0.682958,97.8802,0.858105,0.31648,0.945177,97.4028,1.63952,0.699375,0.258327
Barbados,"Latin America & Caribbean",2015,285.327,31.249,98.4744,0.267492,1.25806,0,NULL,NULL,NULL,NULL,NULL,NULL,NULL,NULL
Barbados,"Latin America & Caribbean",2020,287.371,31.191,98.5145,0.267601,1.21795,0,NULL,NULL,NULL,NULL,NULL,NULL,NULL,NULL
Belarus,"Europe & Central Asia",2015,9439.42,77.181,96.4771,3.30013,0.222803,0,98.3307,0.993239,0.676089,0,95.929,3.98218,0.0887894,0
Belarus,"Europe & Central Asia",2020,9449.32,79.483,96.5347,3.37212,0.0931544,0,98.5641,0.995597,0.44028,0,96.0109,3.98557,0.00355373,0
Belgium,"Europe & Central Asia",2015,11287.9,97.876,100,0,0.00000229802,0,100,0,0,0,100,0,0,0
Belgium,"Europe & Central Asia",2020,11589.6,98.079,100,0,0.0000035548,0,100,0,0,0,100,0,0,0
Belize,"Latin America & Caribbean",2015,360.926,45.406,97.1756,1.22794,1.56822,0.028242,95.6538,1.42192,2.87252,0.0517309,99.0053,0.99471,0,0
Belize,"Latin America & Caribbean",2020,397.621,46.025,98.402,1.24911,0.348935,0,97.9952,1.35832,0.646475,0,98.879,1.12104,0,0
Benin,"Sub-Saharan Africa",2015,10576,45.695,64.7868,8.71547,21.2985,5.19924,56.7844,11.7034,23.775,7.7373,74.2971,5.16458,18.3553,2.18296
Benin,"Sub-Saharan Africa",2020,12123.2,48.415,65.4141,9.31754,21.9725,3.2958,58.0523,12.7052,23.978,5.26456,73.258,5.70806,19.8358,1.19814
Bermuda,"North America",2015,63.695,100,99.9031,0,0.09686,0,NULL,NULL,NULL,NULL,99.9031,0,0.09686,0
Bermuda,"North America",2020,62.273,100,99.9031,0,0.09686,0,NULL,NULL,NULL,NULL,99.9031,0,0.09686,0
Bhutan,"South Asia",2015,727.885,38.678,96.2214,2.4966,0.296187,0.985794,95.1644,3.21586,0.193599,1.42618,97.8973,1.35624,0.458836,0.287585
Bhutan,"South Asia",2020,771.612,42.316,97.3132,2.46071,0.176424,0.0496405,96.7312,3.26881,0,0,98.1066,1.35914,0.416921,0.117309
"Bolivia (Plurinational State of)","Latin America & Caribbean",2015,10869.7,68.393,90.4621,0.172898,2.83246,6.5325,73.7402,0.339969,5.9118,20.0081,98.19,0.0956888,1.40937,0.304942
"Bolivia (Plurinational State of)","Latin America & Caribbean",2020,11673,70.123,93.3901,0.136591,1.57501,4.89833,79.9366,0.244736,3.95413,15.8645,99.1221,0.0905133,0.561345,0.226023
"Bosnia and Herzegovina","Europe & Central Asia",2015,3429.36,47.173,96.1598,3.78007,0.0600858,0,97.3333,2.66667,0,0,94.8457,5.02692,0.127373,0
"Bosnia and Herzegovina","Europe & Central Asia",2020,3280.81,49.02,96.1139,3.82366,0.0624384,0,97.3333,2.66667,0,0,94.8457,5.02692,0.127373,0
Botswana,"Sub-Saharan Africa",2015,2120.72,67.155,88.4463,8.41061,1.57835,1.56475,71.8925,21.7893,1.8542,4.46394,96.5426,1.86719,1.44344,0.146773
Botswana,"Sub-Saharan Africa",2020,2351.62,70.877,92.2136,4.72304,1.73253,1.33087,79.0437,15.1549,1.59612,4.20521,97.625,0.43662,1.78858,0.14982
Brazil,"Latin America & Caribbean",2015,204472,85.77,97.8036,0.5795,0.474966,1.14197,88.756,2.85377,0.365134,8.02506,99.3046,0.202178,0.493191,0
Brazil,"Latin America & Caribbean",2020,212559,87.073,99.3209,0.126549,0.552598,NULL,95.9453,0.978951,3.07579,NULL,99.822,0,0.177999,0
"British Virgin Islands","Latin America & Caribbean",2015,29.148,46.583,99.8644,0,0.135616,0,NULL,NULL,NULL,NULL,NULL,NULL,NULL,NULL
"British Virgin Islands","Latin America & Caribbean",2020,30.237,48.515,99.8644,0,0.135616,0,NULL,NULL,NULL,NULL,NULL,NULL,NULL,NULL
"Brunei Darussalam","East Asia & Pacific",2015,414.914,76.663,99.51,0,0.396676,0.093348,99.05,0,0.55,0.4,99.65,0,0.35,0
"Brunei Darussalam","East Asia & Pacific",2020,437.483,78.25,99.9,0,0.0999632,0,NULL,NULL,NULL,NULL,99.65,0,0.35,0
Bulgaria,"Europe & Central Asia",2015,7199.74,73.99,99.1963,0,0.803673,0,98.0161,0,1.98386,0,99.6112,0,0.388792,0
Bulgaria,"Europe & Central Asia",2020,6948.44,75.686,99.0114,0,0.988583,0,97.4013,0,2.59871,0,99.5287,0,0.47133,0
"Burkina Faso","Sub-Saharan Africa",2015,18110.6,27.53,50.1371,25.6735,22.4302,1.75915,38.8552,30.2022,28.6487,2.29396,79.8358,13.7523,6.06055,0.35132
"Burkina Faso","Sub-Saharan Africa",2020,20903.3,30.607,47.2149,31.273,21.1586,0.35351,32.7183,38.6269,28.3404,0.314393,80.0819,14.6,4.87584,0.442196
Burundi,"Sub-Saharan Africa",2015,10160,12.078,59.5815,19.5389,14.865,6.01465,55.5583,21.1668,16.5941,6.68079,88.8684,7.68854,2.2776,1.16542
Burundi,"Sub-Saharan Africa",2020,11890.8,13.708,62.2071,19.4397,14.7583,3.59492,57.6858,21.2515,16.8968,4.166,90.6691,8.03446,1.29643,0
"Cabo Verde","Sub-Saharan Africa",2015,524.74,64.3,85.4433,10.2531,4.15195,0.151632,72.8323,16.3798,10.4368,0.351131,92.4451,6.85146,0.662554,0.040868
"Cabo Verde","Sub-Saharan Africa",2020,555.988,66.652,88.7696,7.90415,3.20915,0.117095,80.1145,9.91113,9.62322,0.351131,93.1,6.9,0,0
Cambodia,"East Asia & Pacific",2015,15521.4,22.188,68.4438,8.60325,9.60299,13.3499,62.7111,9.43205,11.7509,16.1059,88.5482,5.6967,2.07045,3.68466
Cambodia,"East Asia & Pacific",2020,16719,24.232,71.2199,13.9022,5.67722,9.20067,65.0672,15.5177,7.4929,11.9222,90.4581,8.85091,0,0.691008
Cameroon,"Sub-Saharan Africa",2015,23298.4,54.578,63.974,11.2383,17.6514,7.13638,42.0057,11.0734,32.394,14.5269,82.2569,11.3755,5.3819,0.985695
Cameroon,"Sub-Saharan Africa",2020,26545.9,57.56,65.7204,12.8747,15.001,6.40383,43.5276,12.6726,30.1238,13.676,82.0836,13.0238,3.8507,1.04192
Canada,"North America",2015,36026.7,81.259,99.2292,0,0.770779,0,98.8162,0,1.1838,0,99.3245,0,0.675521,0
Canada,"North America",2020,37742.2,81.562,99.2218,0,0.778189,0,99.0605,0,0.939504,0,99.2583,0,0.741722,0
"Cayman Islands","Latin America & Caribbean",2015,61.721,100,96.125,0,3.875,0,NULL,NULL,NULL,NULL,96.125,0,3.875,0
"Cayman Islands","Latin America & Caribbean",2016,62.564,100,96.125,0,3.875,0,NULL,NULL,NULL,NULL,96.125,0,3.875,0
"Central African Republic","Sub-Saharan Africa",2015,4493.17,40.277,42.3113,21.344,32.0102,4.33448,31.8914,17.3579,43.7026,7.04813,57.7621,27.2547,14.6726,0.310672
"Central African Republic","Sub-Saharan Africa",2020,4829.76,42.198,37.2024,25.6824,33.5391,3.57611,28.1066,19.4059,46.3731,6.11444,49.6617,34.2798,15.9594,0.0991528
Chad,"Sub-Saharan Africa",2015,14111,22.515,44.3991,13.5164,34.7027,7.38178,35.5789,13.8764,41.2662,9.27853,74.7537,12.2773,12.1149,0.85415
Chad,"Sub-Saharan Africa",2020,16425.9,23.52,46.1875,14.7403,31.5625,7.50972,37.5752,14.354,38.525,9.54586,74.1922,15.9965,8.92245,0.88881
"Channel Islands","Europe & Central Asia",2015,165.387,30.962,94.15,0,5.85,0,NULL,NULL,NULL,NULL,NULL,NULL,NULL,NULL
"Channel Islands","Europe & Central Asia",2017,168.666,30.914,94.15,0,5.85,0,NULL,NULL,NULL,NULL,NULL,NULL,NULL,NULL
Chile,"Latin America & Caribbean",2015,17969.4,87.36,99.5065,0,0.493507,0,97.0677,0,2.9323,0,99.8594,0,0.140643,0
Chile,"Latin America & Caribbean",2020,19116.2,87.727,100,0,0.00000127714,0,100,0,0,0,100,0,0,0
China,"East Asia & Pacific",2015,1430410,55.8527,91.7626,0.818763,6.78208,0.636519,84.4792,1.51186,12.9529,1.056,97.5197,0.27092,1.90448,0.304951
China,"East Asia & Pacific",2020,1463140,61.7131,94.2611,0.814721,4.72545,0.198716,89.6612,1.83268,8.50609,0,97.1149,0.183178,2.37994,0.322
"China, Hong Kong SAR","East Asia & Pacific",2015,7185.99,100,100,0,0,0,NULL,NULL,NULL,NULL,100,0,0,0
"China, Hong Kong SAR","East Asia & Pacific",2020,7496.99,100,100,0,0,0,NULL,NULL,NULL,NULL,100,0,0,0
"China, Macao SAR","East Asia & Pacific",2015,602.093,100,100,0,0,0,NULL,NULL,NULL,NULL,100,0,0,0
"China, Macao SAR","East Asia & Pacific",2020,649.342,100,100,0,0,0,NULL,NULL,NULL,NULL,100,0,0,0
Colombia,"Latin America & Caribbean",2015,47520.7,79.764,96.3359,0.184052,1.70345,1.77663,83.2737,0.687666,7.25903,8.77958,99.6497,0.056286,0.294002,0
Colombia,"Latin America & Caribbean",2020,50882.9,81.425,97.4917,0.186152,0.953616,1.36857,86.7671,0.731228,5.13387,7.36783,99.9382,0.0618072,0,0
Comoros,"Sub-Saharan Africa",2015,777.435,28.47,80.132,10.8773,8.39519,0.595541,76.9117,11.5686,10.8225,0.697175,88.2228,9.14019,2.29678,0.340191
Comoros,"Sub-Saharan Africa",2019,850.891,29.164,80.2105,10.8604,8.92909,NULL,76.9117,11.5686,11.5196,NULL,88.2228,9.14019,2.29678,0.340191
Congo,"Sub-Saharan Africa",2015,4856.09,65.543,71.1496,10.5105,11.662,6.67785,41.3918,10.7396,28.5018,19.3667,86.7937,10.3901,2.80909,0.0070911
Congo,"Sub-Saharan Africa",2020,5518.09,67.829,73.7845,10.4612,9.55918,6.19514,45.7244,10.6324,24.4052,19.238,87.0933,10.38,2.51779,0.00894945
"Cook Islands","East Asia & Pacific",2015,17.581,74.404,99.9537,0,0.046329,0,NULL,NULL,NULL,NULL,NULL,NULL,NULL,NULL
"Cook Islands","East Asia & Pacific",2020,17.564,75.495,99.9716,0,0.0283898,0,NULL,NULL,NULL,NULL,NULL,NULL,NULL,NULL
"Costa Rica","Latin America & Caribbean",2015,4847.81,76.862,99.3787,0.25413,0.211335,0.155848,98.186,0.410061,0.730349,0.673558,99.7377,0.20719,0.0550948,0
"Costa Rica","Latin America & Caribbean",2020,5094.11,80.771,99.8105,0.189459,0.00000359445,0,99.6462,0.35375,0,0,99.8497,0.150347,0,0
"Côte d'Ivoire","Sub-Saharan Africa",2015,23226.1,49.444,71.0758,8.76714,14.4177,5.73942,55.8432,13.1885,22.6313,8.33708,86.6509,4.24637,6.01935,3.08333
"Côte d'Ivoire","Sub-Saharan Africa",2020,26378.3,51.706,70.9091,8.93542,14.1924,5.96307,55.7224,13.3432,23.1753,7.75911,85.0936,4.81854,5.80237,4.28554
Croatia,"Europe & Central Asia",2015,4232.87,56.155,NULL,NULL,NULL,NULL,NULL,NULL,NULL,NULL,100,0,0,0
Croatia,"Europe & Central Asia",2020,4105.27,57.553,NULL,NULL,NULL,NULL,NULL,NULL,NULL,NULL,100,0,0,0
Cuba,"Latin America & Caribbean",2015,11324.8,76.896,95.8718,1.75025,1.99464,0.38331,90.4451,3.3622,4.74732,1.44542,97.5023,1.26593,1.16758,0.0641905
Cuba,"Latin America & Caribbean",2020,11326.6,77.194,97.0027,1.47138,1.25281,0.273108,94.3867,2.59175,1.90597,1.11562,97.7756,1.14039,1.05984,0.0241971
Curaçao,"Latin America & Caribbean",2015,159.85,89.352,99.4977,0,0.502248,0,NULL,NULL,NULL,NULL,NULL,NULL,NULL,NULL
Curaçao,"Latin America & Caribbean",2017,161.986,89.203,99.4977,0,0.502248,0,NULL,NULL,NULL,NULL,NULL,NULL,NULL,NULL
Cyprus,"Europe & Central Asia",2015,1160.99,66.946,99.7885,0,0.211482,0,99.8612,0,0.138814,0,99.7526,0,0.247358,0
Cyprus,"Europe & Central Asia",2020,1207.36,66.821,99.7652,0,0.234827,0,99.8458,0,0.154238,0,99.7252,0,0.274842,0
"Czech Republic","Europe & Central Asia",2015,10601.4,73.477,99.8801,0,0.119907,0,99.8176,0,0.182401,0,99.9026,0,0.0973491,0
"Czech Republic","Europe & Central Asia",2020,10709,74.061,99.8806,0,0.119408,0,99.8176,0,0.182401,0,99.9026,0,0.0973491,0
"Democratic People's Republic of Korea","East Asia & Pacific",2015,25183.8,61.277,95.2149,0.685002,3.82905,0.271061,91.617,0.36794,7.31509,0.7,97.4885,0.885365,1.62611,0
"Democratic People's Republic of Korea","East Asia & Pacific",2020,25778.8,62.381,93.8438,0.683131,5.20969,0.263333,88.7536,0.35644,10.1899,0.7,96.9135,0.880143,2.20635,0
"Democratic Republic of the Congo","Sub-Saharan Africa",2015,76244.5,42.74,42.7182,12.6873,34.284,10.3105,20.6225,11.5169,51.0098,16.8508,72.3204,14.2553,11.876,1.54833
"Democratic Republic of the Congo","Sub-Saharan Africa",2020,89561.4,45.638,45.9521,13.4412,32.5423,8.06433,21.9828,12.6829,51.216,14.1183,74.5034,14.3445,10.2991,0.853128
Denmark,"Europe & Central Asia",2015,5688.69,87.526,100,0,0.00000214584,0,100,0,0,0,100,0,0,0
Denmark,"Europe & Central Asia",2020,5792.2,88.116,100,0,0,0,100,0,0,0,100,0,0,0
Djibouti,"Sub-Saharan Africa",2015,913.998,77.417,75.787,14.7542,7.39492,2.06386,48.7592,12.4388,30.377,8.42501,83.6712,15.4296,0.690912,0.208273
Djibouti,"Sub-Saharan Africa",2020,988.002,78.062,76.0499,14.7575,7.01588,2.17672,47.2807,12.0616,30.7355,9.92215,84.135,15.5151,0.349874,0
Dominica,"Latin America & Caribbean",2015,71.175,69.579,95.4207,0,4.57934,0,NULL,NULL,NULL,NULL,NULL,NULL,NULL,NULL
Dominica,"Latin America & Caribbean",2017,71.46,70.181,95.4207,0,4.57934,0,NULL,NULL,NULL,NULL,NULL,NULL,NULL,NULL
"Dominican Republic","Latin America & Caribbean",2015,10281.7,78.566,96.0993,0.695212,1.55059,1.65485,89.211,1.82288,2.44189,6.52419,97.9786,0.387568,1.30744,0.326426
"Dominican Republic","Latin America & Caribbean",2020,10847.9,82.54,96.6868,0.467039,1.26943,1.57672,90.3045,1.38532,1.11512,7.1951,98.0369,0.272792,1.30207,0.388243
Ecuador,"Latin America & Caribbean",2015,16212,63.398,93.0638,0.19976,3.11957,3.6169,82.5525,0.445629,7.37906,9.62283,99.1323,0.0578109,0.660405,0.149445
Ecuador,"Latin America & Caribbean",2020,17643.1,64.166,95.3598,0.00345146,2.60449,2.0323,87.0507,0.00963181,7.2682,5.67143,100,0,0,0
Egypt,"Middle East & North Africa",2015,92442.5,42.785,99.1067,0.286373,0.59344,0.0134701,98.8019,0.410346,0.764233,0.0235429,99.5144,0.120586,0.365044,0
Egypt,"Middle East & North Africa",2020,102334,42.783,99.4402,0.237609,0.322215,0,99.3328,0.335942,0.331223,0,99.5837,0.106101,0.310168,0
"El Salvador","Latin America & Caribbean",2015,6325.12,69.7,95.5621,0.58048,1.16195,2.69543,87.9612,1.73474,2.48103,7.82301,98.8664,0.078698,0.588513,0.466371
"El Salvador","Latin America & Caribbean",2020,6486.2,73.444,97.9466,0.207263,0.315174,1.53099,93.4544,0.780476,0,5.76513,99.5709,0,0.42913,0
"Equatorial Guinea","Sub-Saharan Africa",2015,1168.57,70.616,64.1786,2.93493,26.3288,6.55767,30.7754,1.35358,46.2861,21.585,78.078,3.59295,18.0244,0.304649
"Equatorial Guinea","Sub-Saharan Africa",2017,1262.01,71.646,64.6658,2.958,26.0377,6.33848,30.7754,1.35358,46.2861,21.585,78.078,3.59295,18.0244,0.304649
Eritrea,"Sub-Saharan Africa",2015,3342.82,38.206,51.4651,17.7076,13.5561,17.2712,27.8016,24.4984,20.075,27.625,89.7382,6.72428,3.0125,0.525
Eritrea,"Sub-Saharan Africa",2016,3376.56,38.827,51.8497,17.5973,13.4501,17.1029,27.8016,24.4984,20.075,27.625,89.7382,6.72428,3.0125,0.525
Estonia,"Europe & Central Asia",2015,1315.33,68.416,99.7513,0,0.248692,0,99.2441,0,0.755884,0,99.9855,0,0.0145458,0
Estonia,"Europe & Central Asia",2020,1326.54,69.229,99.5908,0,0.409218,0,NULL,NULL,NULL,NULL,99.9855,0,0.0145458,0
Eswatini,"Sub-Saharan Africa",2015,1104.04,23.3,66.704,8.76762,10.8901,13.6383,58.125,11.182,13.4399,17.2531,94.9446,0.81968,2.49667,1.73905
Eswatini,"Sub-Saharan Africa",2020,1160.16,24.171,70.7531,9.50707,9.83557,9.90429,62.4664,12.2997,12.4505,12.7834,96.7498,0.746064,1.63216,0.872008
Ethiopia,"Sub-Saharan Africa",2015,100835,19.428,42.0701,21.7388,24.4779,11.7133,32.4518,23.5986,29.7816,14.1681,81.9592,14.026,2.4823,1.53256
Ethiopia,"Sub-Saharan Africa",2020,114964,21.695,49.6156,26.7407,18.6351,5.00865,40.0301,30.1867,23.4956,6.28756,84.2128,14.303,1.09158,0.392581
"Faeroe Islands","Europe & Central Asia",2015,48.055,41.638,100,0,0,0,NULL,NULL,NULL,NULL,NULL,NULL,NULL,NULL
"Faeroe Islands","Europe & Central Asia",2020,48.865,42.398,100,0,0,0,NULL,NULL,NULL,NULL,NULL,NULL,NULL,NULL
"Falkland Islands (Malvinas)","Latin America & Caribbean",2015,2.836,76.268,94.82,0,5.17999,0,78.1729,0,21.8271,0,100,0,0,0
"Falkland Islands (Malvinas)","Latin America & Caribbean",2020,3.483,78.508,95.3089,0,4.69107,0,78.1729,0,21.8271,0,100,0,0,0
Fiji,"East Asia & Pacific",2015,868.632,54.726,94.2626,0,3.41937,2.31808,89.3785,0,5.82947,4.792,98.303,0,1.42552,0.271431
Fiji,"East Asia & Pacific",2020,896.444,57.247,94.3011,0,3.3186,2.38033,89.088,0,5.7599,5.15208,98.1942,0,1.49541,0.310347
Finland,"Europe & Central Asia",2015,5481.13,85.225,100,0,0.00000334065,0,100,0,0,0,100,0,0,0
Finland,"Europe & Central Asia",2020,5540.72,85.517,100,0,0,0,100,0,0,0,100,0,0,0
France,"Europe & Central Asia",2015,64453.2,79.655,100,0,0,0,100,0,0,0,100,0,0,0
France,"Europe & Central Asia",2020,65273.5,80.975,100,0,0.00000149611,0,100,0,0,0,100,0,0,0
"French Guiana","Latin America & Caribbean",2015,261.008,84.482,93.5621,0,6.43794,0,NULL,NULL,NULL,NULL,NULL,NULL,NULL,NULL
"French Guiana","Latin America & Caribbean",2020,298.682,85.82,93.7822,0,6.21778,0,NULL,NULL,NULL,NULL,NULL,NULL,NULL,NULL
"French Polynesia","East Asia & Pacific",2015,273.119,61.683,100,0,0,0,NULL,NULL,NULL,NULL,NULL,NULL,NULL,NULL
"French Polynesia","East Asia & Pacific",2020,280.904,61.975,100,0,0,0,NULL,NULL,NULL,NULL,NULL,NULL,NULL,NULL
Gabon,"Sub-Saharan Africa",2015,1947.69,88.118,83.8585,7.72243,4.92418,3.4949,43.39,10.1926,21.8109,24.6064,89.3153,7.38934,2.64714,0.648187
Gabon,"Sub-Saharan Africa",2020,2225.73,90.092,85.3419,7.73526,6.92281,NULL,44.7459,10.5111,44.743,NULL,89.8065,7.42998,2.76348,NULL
Gambia,"Sub-Saharan Africa",2015,2085.86,59.228,79.2102,9.07337,11.624,0.0924489,68.2549,15.3401,16.3224,0.0826329,86.7517,4.75942,8.3897,0.0992061
Gambia,"Sub-Saharan Africa",2020,2416.66,62.582,80.9404,8.59739,10.3529,0.109349,69.1885,16.4978,14.2438,0.0698789,87.9669,3.87369,8.02646,0.132949
Georgia,"Europe & Central Asia",2015,4024.18,57.448,95.7547,0.951965,3.23989,0.053411,91.2952,1.89376,6.70022,0.110877,99.058,0.254375,0.676814,0.0108459
Georgia,"Europe & Central Asia",2020,3989.18,59.453,97.3481,0,2.63276,0.0190989,94.2719,0,5.70392,0.0241922,99.4462,0,0.538221,0.0156253
Germany,"Europe & Central Asia",2015,81787.4,77.2,100,0,0,0,100,0,0,0,100,0,0,0
Germany,"Europe & Central Asia",2020,83783.9,77.453,100,0,0,0,100,0,0,0,100,0,0,0
Ghana,"Sub-Saharan Africa",2015,27849.2,54.086,80.158,7.8976,4.42664,7.5178,67.2083,11.1535,6.33526,15.303,91.151,5.13367,2.80641,0.908903
Ghana,"Sub-Saharan Africa",2020,31072.9,57.349,85.791,6.58606,2.81222,4.81073,71.8928,11.9345,4.99936,11.1733,96.1273,2.60834,1.18561,0.0787842
Gibraltar,"Europe & Central Asia",2015,33.742,100,100,0,0,0,NULL,NULL,NULL,NULL,100,0,0,0
Gibraltar,"Europe & Central Asia",2020,33.691,100,100,0,0,0,NULL,NULL,NULL,NULL,100,0,0,0
Greece,"Europe & Central Asia",2015,10659.7,78.046,100,0,0,0,100,0,0,0,100,0,0,0
Greece,"Europe & Central Asia",2020,10423.1,79.715,100,0,0,0,100,0,0,0,100,0,0,0
Greenland,"North America",2015,56.378,86.071,100,0,0,0,100,0,0,0,100,0,0,0
Greenland,"North America",2020,56.772,87.282,100,0,0,0,100,0,0,0,100,0,0,0
Grenada,"Latin America & Caribbean",2015,109.603,35.997,95.6286,1.16148,0,3.20987,NULL,NULL,NULL,NULL,NULL,NULL,NULL,NULL
Grenada,"Latin America & Caribbean",2017,110.874,36.164,95.6286,1.16148,0,3.20987,NULL,NULL,NULL,NULL,NULL,NULL,NULL,NULL
Guadeloupe,"Latin America & Caribbean",2015,400.26,98.443,99.611,0,0.388972,0,NULL,NULL,NULL,NULL,NULL,NULL,NULL,NULL
Guadeloupe,"Latin America & Caribbean",2020,400.127,98.499,99.8031,0,0.196874,0,NULL,NULL,NULL,NULL,NULL,NULL,NULL,NULL
Guam,"East Asia & Pacific",2015,161.851,94.534,99.6952,0,0.3048,0,NULL,NULL,NULL,NULL,NULL,NULL,NULL,NULL
Guam,"East Asia & Pacific",2020,168.783,94.938,99.6952,0,0.3048,0,NULL,NULL,NULL,NULL,NULL,NULL,NULL,NULL
Guatemala,"Latin America & Caribbean",2015,16252.4,49.971,92.134,0.968452,4.76526,2.13225,87.2428,1.6509,7.05209,4.05425,97.031,0.28521,2.47578,0.208025
Guatemala,"Latin America & Caribbean",2020,17915.6,51.836,94.0064,1.03415,3.21591,1.74351,90.1193,1.84917,4.58344,3.44806,97.6182,0.276866,1.94526,0.159706
Guinea,"Sub-Saharan Africa",2015,11432.1,35.141,63.6154,16.0903,9.75798,10.5364,51.9492,18.7606,13.3097,15.9805,85.1475,11.1616,3.20262,0.488269
Guinea,"Sub-Saharan Africa",2020,13132.8,36.875,63.9618,21.2816,6.29612,8.4605,50.7482,26.1443,9.70472,13.4028,86.5817,12.9572,0.461068,0
Guinea-Bissau,"Sub-Saharan Africa",2015,1737.21,42.123,58.7643,10.5915,29.7444,0.899781,48.4227,7.56628,42.5826,1.42834,72.9737,14.7481,12.1046,0.173539
Guinea-Bissau,"Sub-Saharan Africa",2020,1968,44.196,59.0169,14.0346,26.6264,0.32214,49.8319,9.28577,40.3165,0.56587,70.6143,20.0306,9.34062,0.0143932
Guyana,"Latin America & Caribbean",2015,767.433,26.441,95.1619,1.23325,1.3448,2.26009,93.4228,1.67654,1.8282,3.07249,100,0,0,0
Guyana,"Latin America & Caribbean",2020,786.559,26.786,95.5548,1.20524,1.14307,2.09688,93.9285,1.64619,1.56127,2.86404,100,0,0,0
Haiti,"Sub-Saharan Africa",2015,10695.5,52.427,64.5675,9.21849,25.4778,0.736188,42.4164,12.2289,43.8072,1.54749,84.6677,6.4868,8.84552,0
Haiti,"Sub-Saharan Africa",2020,11402.5,57.088,66.6953,9.81454,23.4901,0,42.8457,13.256,43.8983,0,84.6226,7.22767,8.1497,0
Honduras,"Latin America & Caribbean",2015,9112.9,55.165,93.2544,0.431754,6.02216,0.291679,86.4371,0.775844,12.146,0.641106,98.7952,0.152097,1.04506,0.00768467
Honduras,"Latin America & Caribbean",2020,9904.61,58.359,95.6892,0.425621,3.88516,0,89.8758,0.80671,9.31749,0,99.8373,0.153702,0.00901566,0
Hungary,"Europe & Central Asia",2015,9777.92,70.5,99.9705,0,0.029471,0,99.9001,0,0.0999103,0,100,0,0,0
Hungary,"Europe & Central Asia",2020,9660.35,71.942,100,0,0.00000252724,0,100,0,0,0,100,0,0,0
Iceland,"Europe & Central Asia",2015,330.237,93.7,100,0,0,0,100,0,0,0,100,0,0,0
Iceland,"Europe & Central Asia",2020,341.25,93.898,100,0,0.00000279465,0,100,0,0,0,100,0,0,0
India,"South Asia",2015,1310150,32.777,88.1381,4.6926,6.41245,0.756817,85.572,5.54213,7.88087,1.005,93.4011,2.95027,3.40084,0.247822
India,"South Asia",2020,1380000,34.926,90.4895,4.9836,3.96315,0.563718,88.7825,5.90221,4.57638,0.738911,93.67,3.27206,2.82061,0.2373
Indonesia,"East Asia & Pacific",2015,258383,53.313,88.5274,0.794131,8.94386,1.73466,80.6308,0.974046,14.9852,3.40998,95.4425,0.636576,3.65338,0.267556
Indonesia,"East Asia & Pacific",2020,273524,56.641,92.4154,0.855475,5.55387,1.1753,85.668,1.17809,10.6149,2.53903,97.5805,0.60851,1.67962,0.131363
"Iran (Islamic Republic of)","South Asia",2015,78492.2,73.358,96.807,1.99489,1.12606,0.0720603,92.1625,4.22162,3.3454,0.270476,98.4938,1.18619,0.320048,0
"Iran (Islamic Republic of)","South Asia",2020,83993,75.874,97.4826,1.93831,0.513797,0.0652551,93.8287,4.29795,1.60284,0.270476,98.6445,1.18801,0.167507,0
Iraq,"Middle East & North Africa",2015,35572.3,69.921,94.2476,1.05668,1.73791,2.95782,84.7627,2.83062,2.7764,9.63027,98.3279,0.293553,1.29117,0.0874287
Iraq,"Middle East & North Africa",2020,40222.5,70.893,98.3599,0.89216,0.0000024279,0.747934,94.8311,2.59925,0,2.5696,99.8087,0.191269,0,0
Ireland,"Europe & Central Asia",2015,4652.42,62.538,97.3721,0,2.62787,0,98.0168,0,1.98318,0,96.9859,0,3.01406,0
Ireland,"Europe & Central Asia",2020,4937.8,63.653,97.3997,0,2.60029,0,98.1349,0,1.86508,0,96.9799,0,3.02011,0
"Isle of Man","Europe & Central Asia",2015,83.232,52.245,99.075,0,0.925,0,NULL,NULL,NULL,NULL,NULL,NULL,NULL,NULL
"Isle of Man","Europe & Central Asia",2020,85.032,52.898,99.075,0,0.925,0,NULL,NULL,NULL,NULL,NULL,NULL,NULL,NULL
Israel,"Europe & Central Asia",2015,7978.5,92.179,100,0,0,0,100,0,0,0,100,0,0,0
Israel,"Europe & Central Asia",2020,8655.54,92.587,100,0,0,0,100,0,0,0,100,0,0,0
Italy,"Europe & Central Asia",2015,60578.5,69.565,99.917,0,0.0829659,0,NULL,NULL,NULL,NULL,NULL,NULL,NULL,NULL
Italy,"Europe & Central Asia",2020,60461.8,71.039,99.917,0,0.0829659,0,NULL,NULL,NULL,NULL,NULL,NULL,NULL,NULL
Jamaica,"Latin America & Caribbean",2015,2891.02,54.833,90.4168,5.40734,2.16982,2.00605,84.5007,8.40134,3.0554,4.04256,95.29,2.94112,1.44036,0.328531
Jamaica,"Latin America & Caribbean",2020,2961.16,56.311,91.0299,5.36757,1.86401,1.73847,85.3999,8.49074,2.56897,3.54038,95.398,2.94446,1.31706,0.340464
Japan,"East Asia & Pacific",2015,127985,91.381,98.9228,0,1.07719,0,NULL,NULL,NULL,NULL,NULL,NULL,NULL,NULL
Japan,"East Asia & Pacific",2020,126476,91.782,99.0789,0,0.921088,0,NULL,NULL,NULL,NULL,NULL,NULL,NULL,NULL
Jordan,"Middle East & North Africa",2015,9266.57,90.256,99.0068,0.152403,0.781231,0.0595809,97.3623,0.624273,1.97355,0.03986,99.1843,0.10146,0.652513,0.06171
Jordan,"Middle East & North Africa",2020,10203.1,91.418,98.9403,0.146215,0.853647,0.0598348,97.3115,0.623947,2.02471,0.03986,99.0932,0.101367,0.74371,0.06171
Kazakhstan,"Europe & Central Asia",2015,17572,57.191,95.0253,1.81291,2.90439,0.257365,90.7475,1.86677,6.78454,0.601193,98.2274,1.77259,0,0
Kazakhstan,"Europe & Central Asia",2020,18776.7,57.671,95.435,1.94143,2.54596,0.0776477,91.9393,1.86262,6.01469,0.183439,98.0007,1.99927,0,0
Kenya,"Sub-Saharan Africa",2015,47878.3,25.658,58.1969,8.79675,11.5229,21.4834,48.2722,10.3731,14.2168,27.1379,86.9531,4.2293,3.7175,5.10004
Kenya,"Sub-Saharan Africa",2020,53771.3,27.995,61.6329,9.54187,9.78009,19.0452,51.78,11.569,12.5191,24.1319,86.9752,4.32794,2.73514,5.96168
Kiribati,"East Asia & Pacific",2015,110.927,51.619,73.8481,2.34089,23.811,0,57.9223,1.63959,40.4382,0,88.7749,2.9982,8.22686,0
Kiribati,"East Asia & Pacific",2020,119.446,55.594,77.9709,4.0769,17.9522,0,60.9942,2.09661,36.9092,0,91.5312,5.65867,2.81016,0
Kuwait,"Middle East & North Africa",2015,3835.59,100,100,0,0,0,NULL,NULL,NULL,NULL,NULL,NULL,NULL,NULL
Kuwait,"Middle East & North Africa",2020,4270.56,100,100,0,0,0,NULL,NULL,NULL,NULL,NULL,NULL,NULL,NULL
Kyrgyzstan,"Europe & Central Asia",2015,5959.13,35.777,88.4418,1.78994,2.24806,7.52024,83.1052,2.41597,3.35317,11.1256,98.0213,0.666141,0.264297,1.04822
Kyrgyzstan,"Europe & Central Asia",2020,6524.19,36.856,91.6993,1.90073,1.86565,4.53431,87.2584,2.60607,2.95459,7.18091,99.3077,0.692308,0,0
"Lao People's Democratic Republic","East Asia & Pacific",2015,6741.16,33.108,77.4606,3.05234,14.2279,5.25917,70.2397,4.17029,18.2022,7.3878,92.0498,0.793608,6.19818,0.958435
"Lao People's Democratic Republic","East Asia & Pacific",2020,7275.56,36.29,85.2197,3.56686,10.6289,0.584531,78.473,5.59858,15.011,0.917487,97.0643,0,2.93574,0
Latvia,"Europe & Central Asia",2015,1997.68,67.98,98.5251,0.678707,0.796175,0,97.8547,0,2.14528,0,98.8409,0.998393,0.160714,0
Latvia,"Europe & Central Asia",2020,1886.2,68.315,98.7826,0.682301,0.535098,0,98.5792,0,1.42078,0,98.8769,0.998757,0.124318,0
Lebanon,"Middle East & North Africa",2015,6532.68,88.106,91.2243,7.29006,1.34019,0.14542,NULL,NULL,NULL,NULL,NULL,NULL,NULL,NULL
Lebanon,"Middle East & North Africa",2020,6825.44,88.925,92.6,7.4,0,0,NULL,NULL,NULL,NULL,NULL,NULL,NULL,NULL
Lesotho,"Sub-Saharan Africa",2015,2059.01,26.908,70.5457,10.8633,14.5344,4.05662,63.4209,13.0493,18.1649,5.36487,89.8993,4.92525,4.67255,0.502916
Lesotho,"Sub-Saharan Africa",2020,2142.25,29.028,72.176,10.4059,12.2173,5.20078,63.6504,13.5584,15.7313,7.05989,93.0209,2.69821,3.62553,0.655349
Liberia,"Sub-Saharan Africa",2015,4472.23,49.82,72.5698,7.36442,6.53723,13.5286,61.2632,5.12604,7.52415,26.0866,83.9581,9.61898,5.54319,0.879731
Liberia,"Sub-Saharan Africa",2020,5057.68,52.089,75.2618,8.70066,3.48808,12.5495,64.1002,6.53778,3.38371,25.9783,85.5281,10.6901,3.58408,0.197753
Libya,"Sub-Saharan Africa",2015,6418.31,79.27,97.2816,0,2.71838,0,NULL,NULL,NULL,NULL,NULL,NULL,NULL,NULL
Libya,"Sub-Saharan Africa",2020,6871.29,80.691,99.8915,0,0.108476,0,NULL,NULL,NULL,NULL,NULL,NULL,NULL,NULL
Liechtenstein,"Europe & Central Asia",2015,37.465,14.303,100,0,0,0,NULL,NULL,NULL,NULL,NULL,NULL,NULL,NULL
Liechtenstein,"Europe & Central Asia",2020,38.137,14.416,100,0,0,0,NULL,NULL,NULL,NULL,NULL,NULL,NULL,NULL
Lithuania,"Europe & Central Asia",2015,2931.87,67.23,96.6041,0,3.39586,0,90.7185,0,9.28152,0,99.473,0,0.52701,0
Lithuania,"Europe & Central Asia",2020,2722.29,68.046,98.0133,0,1.98665,0,93.7828,0,6.21722,0,100,0,0,0
Luxembourg,"Europe & Central Asia",2015,566.741,90.179,99.9252,0,0.0748293,0,99.2381,0,0.761905,0,100,0,0,0
Luxembourg,"Europe & Central Asia",2020,625.976,91.453,99.8799,0,0.120067,0,98.5952,0,1.40476,0,100,0,0,0
Madagascar,"Sub-Saharan Africa",2015,24234.1,35.193,48.8918,2.67716,30.4067,18.0243,33.1446,1.74348,39.698,25.4139,77.8898,4.39651,13.2971,4.41655
Madagascar,"Sub-Saharan Africa",2020,27691,38.534,53.3859,2.71797,32.3115,11.5847,36.4064,1.60178,43.9539,18.0379,80.47,4.49843,13.7405,1.29107
Malawi,"Sub-Saharan Africa",2015,16745.3,16.313,66.155,19.716,10.5545,3.57449,62.2406,21.6981,11.8752,4.18606,86.2359,9.54785,3.7792,0.437068
Malawi,"Sub-Saharan Africa",2020,19130,17.427,70.0477,21.9508,5.7763,2.22515,66.585,24.4142,6.38387,2.61692,86.4547,10.2789,2.8975,0.36885
Malaysia,"South Asia",2015,30271,74.213,97.0522,0.363005,2.58479,NULL,90.9183,0.548803,8.53289,NULL,99.1836,0.298446,0.427988,0.09
Malaysia,"South Asia",2020,32366,77.16,97.0999,0.35454,2.54555,NULL,90.1974,0.544451,9.2581,NULL,99.1431,0.298324,0.46858,0.09
Maldives,"South Asia",2015,454.914,38.529,98.8142,0.112158,1.0736,0,98.8797,0.166985,0.953315,0,98.7098,0.0246836,1.26551,0
Maldives,"South Asia",2020,540.542,40.669,99.5444,0.0480507,0.407511,0,99.919,0.0809875,0,0,98.998,0,1.00201,0
Mali,"Sub-Saharan Africa",2015,17438.8,39.991,74.3995,4.17185,19.3799,2.04871,63.3957,4.44938,28.9448,3.21006,90.9114,3.75539,5.02717,0.306034
Mali,"Sub-Saharan Africa",2020,20250.8,43.909,82.5473,3.85473,12.247,1.351,72.0809,3.78241,21.7281,2.40859,95.9175,3.94712,0.135424,0
Malta,"Europe & Central Asia",2015,433.559,94.414,100,0,0,0,100,0,0,0,100,0,0,0
Malta,"Europe & Central Asia",2020,441.539,94.744,100,0,0,0,100,0,0,0,100,0,0,0
"Marshall Islands","East Asia & Pacific",2015,57.444,75.811,88.3425,11.1814,0.476061,0,94.2784,5.38164,0.34,0,86.4486,13.0319,0.519474,0
"Marshall Islands","East Asia & Pacific",2020,59.194,77.794,88.572,11.388,0.039974,0,94.4297,5.39028,0.18,0,86.9,13.1,0,0
Martinique,"Latin America & Caribbean",2015,378.483,88.981,99.796,0,0.20397,0,NULL,NULL,NULL,NULL,NULL,NULL,NULL,NULL
Martinique,"Latin America & Caribbean",2020,375.265,89.14,99.842,0,0.158029,0,NULL,NULL,NULL,NULL,NULL,NULL,NULL,NULL
Mauritania,"Sub-Saharan Africa",2015,4046.3,51.089,66.9733,14.8117,17.637,0.578013,46.6928,18.2006,33.9248,1.18177,86.3892,11.5672,2.04366,0
Mauritania,"Sub-Saharan Africa",2020,4649.66,55.327,71.681,13.4769,14.8203,0.021732,49.9113,18.4904,31.5496,0.0486469,89.2587,9.42881,1.3125,0
Mauritius,"Sub-Saharan Africa",2015,1259.46,41,99.8665,0,0.133518,0,99.8277,0,0.172318,0,99.9223,0,0.0776848,0
Mauritius,"Sub-Saharan Africa",2020,1271.77,40.76,99.8663,0,0.133745,0,99.8277,0,0.172318,0,99.9223,0,0.0776848,0
Mayotte,"Sub-Saharan Africa",2015,240.011,46.989,96.8378,0,0.282018,2.88017,NULL,NULL,NULL,NULL,NULL,NULL,NULL,NULL
Mayotte,"Sub-Saharan Africa",2020,272.813,45.751,96.3712,0,3.62882,NULL,NULL,NULL,NULL,NULL,NULL,NULL,NULL,NULL
Mexico,"Latin America & Caribbean",2015,121858,79.285,98.0254,0,1.41236,0.562195,93.2867,0,4.31094,2.40237,99.2635,0,0.655038,0.0814091
Mexico,"Latin America & Caribbean",2020,128933,80.731,99.6796,0,0.320432,0,98.3371,0,1.66293,0,100,0,0,0
"Micronesia (Federated States of)","East Asia & Pacific",2015,108.886,22.456,88.3082,0,11.6918,NULL,NULL,NULL,NULL,NULL,NULL,NULL,NULL,NULL
"Micronesia (Federated States of)","East Asia & Pacific",2019,113.811,22.812,88.3082,0,11.6918,NULL,NULL,NULL,NULL,NULL,NULL,NULL,NULL,NULL
Monaco,"Europe & Central Asia",2015,37.723,100,100,0,0,0,NULL,NULL,NULL,NULL,100,0,0,0
Monaco,"Europe & Central Asia",2020,39.244,100,100,0,0,0,NULL,NULL,NULL,NULL,100,0,0,0
Mongolia,"East Asia & Pacific",2015,2998.43,68.23,80.813,3.90518,7.57864,7.70316,52.0939,5.33359,18.7186,23.8539,94.1855,3.24007,2.39152,0.182887
Mongolia,"East Asia & Pacific",2020,3278.29,68.657,85.4956,2.14643,6.63337,5.72458,61.0708,3.08417,17.5808,18.2643,96.646,1.71834,1.6357,0
Montenegro,"Europe & Central Asia",2015,626.957,65.806,97.3913,1.6869,0.881446,0.0403569,95.9607,1.5393,2.38201,0.118023,98.1347,1.7636,0.101725,0
Montenegro,"Europe & Central Asia",2020,628.062,67.488,98.8569,0.545479,0.592312,0.00529265,98.1619,0,1.82183,0.0162791,99.1917,0.80826,0,0
Montserrat,"Latin America & Caribbean",2015,4.966,9.041,98.0708,0,1.92918,0,NULL,NULL,NULL,NULL,NULL,NULL,NULL,NULL
Montserrat,"Latin America & Caribbean",2020,4.999,9.115,98.0775,0,1.92252,0,NULL,NULL,NULL,NULL,NULL,NULL,NULL,NULL
Morocco,"Middle East & North Africa",2015,34663.6,60.809,83.7511,5.93719,8.51788,1.7938,64.1725,12.2558,19.0296,4.54207,96.3694,1.86487,1.74316,0.0225509
Morocco,"Middle East & North Africa",2020,36910.6,63.532,90.4023,5.26355,2.87767,1.45643,77.3461,12.0371,6.62306,3.99373,97.8967,1.37548,0.727777,0
Mozambique,"Sub-Saharan Africa",2015,27042,34.4,51.1762,10.3714,26.5135,11.9389,35.9714,12.3671,34.8149,16.8467,80.1714,6.56571,10.683,2.57997
Mozambique,"Sub-Saharan Africa",2020,31255.4,37.074,63.3694,9.97578,16.7261,9.92865,48.8667,12.6409,23.6863,14.8062,87.985,5.45229,4.91268,1.64998
Myanmar,"East Asia & Pacific",2015,52680.7,29.858,73.5875,6.83553,8.26904,11.308,67.2496,8.04228,10.146,14.5621,88.4763,4.00066,3.85973,3.66333
Myanmar,"East Asia & Pacific",2020,54409.8,31.141,83.7182,1.59544,5.10942,9.57695,78.4226,2.31696,6.59239,12.6681,95.4279,0,1.83028,2.74183
Namibia,"Sub-Saharan Africa",2015,2314.9,46.9,82.5241,7.27548,4.41646,5.78393,70.141,11.7201,7.61439,10.5245,96.5442,2.24332,0.79578,0.416662
Namibia,"Sub-Saharan Africa",2020,2540.92,52.033,84.27,7.08763,3.74014,4.90219,71.2562,11.9722,7.0818,9.68984,96.267,2.58476,0.65961,0.488665
Nauru,"East Asia & Pacific",2015,10.374,100,100,0,0,0,NULL,NULL,NULL,NULL,100,0,0,0
Nauru,"East Asia & Pacific",2020,10.834,100,100,0,0,0,NULL,NULL,NULL,NULL,100,0,0,0
Nepal,"South Asia",2015,27015,18.557,87.8085,3.1679,7.26421,1.75942,87.242,3.31027,7.53132,1.91643,90.2947,2.54308,6.09192,1.07032
Nepal,"South Asia",2020,29136.8,20.576,90.0745,3.97983,4.69908,1.24655,90.2033,4.20735,4.26902,1.32036,89.5776,3.10158,6.35912,0.961662
Netherlands,"Europe & Central Asia",2015,16938.5,90.173,100,0,0.00000144134,0,100,0,0,0,100,0,0,0
Netherlands,"Europe & Central Asia",2020,17134.9,92.236,100,0,0.000000712409,0,100,0,0,0,100,0,0,0
"New Caledonia","East Asia & Pacific",2015,271.062,69.379,98.1386,0,1.86144,0,NULL,NULL,NULL,NULL,NULL,NULL,NULL,NULL
"New Caledonia","East Asia & Pacific",2020,285.491,71.518,99.3053,0,0.694679,0,NULL,NULL,NULL,NULL,NULL,NULL,NULL,NULL
"New Zealand","East Asia & Pacific",2015,4614.53,86.341,100,0,0.00000264535,0,100,0,0,0,100,0,0,0
"New Zealand","East Asia & Pacific",2020,4822.23,86.699,100,0,0,0,100,0,0,0,100,0,0,0
Nicaragua,"Latin America & Caribbean",2015,6223.23,57.895,81.3531,1.42593,13.8358,3.38519,59.5047,3.23896,29.5596,7.69677,97.2428,0.107371,2.40036,0.249517
Nicaragua,"Latin America & Caribbean",2020,6624.55,59.012,81.7088,1.50665,13.5305,3.25407,59.1074,3.52097,29.7802,7.59141,97.407,0.107552,2.24401,0.241483
Niger,"Sub-Saharan Africa",2015,20001.7,16.247,45.4825,16.1288,34.7196,3.66914,37.3299,17.6436,40.8885,4.13798,87.5085,8.32029,2.91884,1.25233
Niger,"Sub-Saharan Africa",2020,24206.6,16.626,46.9118,21.6539,27.0275,4.40679,39.1542,23.9877,31.9915,4.86659,85.8138,9.95044,2.13469,2.10103
Nigeria,"Sub-Saharan Africa",2015,181137,47.838,68.7798,6.71355,14.7338,9.77293,53.4925,7.10644,23.1072,16.294,85.4489,6.28515,5.60351,2.66249
Nigeria,"Sub-Saharan Africa",2020,206140,51.958,77.6091,4.9794,11.7969,5.61464,61.6582,7.12892,20.9249,10.288,92.3577,2.99188,3.35691,1.29351
Niue,"East Asia & Pacific",2015,1.61,42.568,97.6061,0,2.39386,0,NULL,NULL,NULL,NULL,NULL,NULL,NULL,NULL
Niue,"East Asia & Pacific",2020,1.618,46.202,97.0109,0,2.98912,0,NULL,NULL,NULL,NULL,NULL,NULL,NULL,NULL
"North Macedonia","Europe & Central Asia",2015,2079.33,57.408,97.4723,1.88599,0.592473,0.0492023,97.6332,1.22246,1.02878,0.11552,97.353,2.37827,0.268768,0
"North Macedonia","Europe & Central Asia",2020,2083.38,58.482,97.7428,1.63499,0.574228,0.0479616,97.4687,1.5052,0.910563,0.11552,97.9374,1.72714,0.33546,0
"Northern Mariana Islands","East Asia & Pacific",2015,55.779,91.357,99.9802,0,0.0198166,0,NULL,NULL,NULL,NULL,NULL,NULL,NULL,NULL
"Northern Mariana Islands","East Asia & Pacific",2020,57.557,91.798,100,0,0,0,NULL,NULL,NULL,NULL,NULL,NULL,NULL,NULL
Norway,"Europe & Central Asia",2015,5199.83,81.091,100,0,0,0,100,0,0,0,100,0,0,0
Norway,"Europe & Central Asia",2020,5421.24,82.974,100,0,0.00000450341,0,100,0,0,0,100,0,0,0
Oman,"Middle East & North Africa",2015,4267.34,81.35,90.2385,8.2088,1.47314,0.079569,74.3669,21.0977,4.38673,0.148687,93.8771,5.25395,0.805184,0.0637231
Oman,"Middle East & North Africa",2020,5106.62,86.276,92.168,7.54142,0.260405,0.0301502,76.2508,21.6321,1.89741,0.21969,94.7,5.3,0,0
Pakistan,"South Asia",2015,199427,36.026,89.455,3.65595,4.42169,2.46737,87.151,3.95656,5.23641,3.65607,93.5464,3.12214,2.97493,0.356524
Pakistan,"South Asia",2020,220892,37.165,90.149,3.82228,4.41331,1.61545,88.5999,3.85228,5.1746,2.37326,92.7681,3.77156,3.12618,0.334204
Palau,"East Asia & Pacific",2015,17.665,78.159,99.6301,0,0.369849,0,99.6139,0,0.386129,0,99.6347,0,0.365298,0
Palau,"East Asia & Pacific",2020,18.092,80.988,99.6575,0,0.342454,0,99.757,0,0.243015,0,99.6342,0,0.365798,0
Panama,"Latin America & Caribbean",2015,3968.49,66.696,92.9044,1.84564,3.16002,2.08997,83.6796,1.73711,8.3793,6.20402,97.5107,1.89984,0.553815,0.035666
Panama,"Latin America & Caribbean",2020,4314.77,68.414,94.3725,1.87348,2.2623,1.49167,86.3231,1.79198,7.16236,4.72257,98.0889,1.91111,0,0
"Papua New Guinea","East Asia & Pacific",2015,8107.77,13.012,41.4855,1.80995,21.2611,35.4435,34.9906,1.80472,23.2535,39.9511,84.9051,1.84491,7.94078,5.30917
"Papua New Guinea","East Asia & Pacific",2020,8947.03,13.345,45.344,2.12856,22.1576,30.3698,39.0713,2.42985,24.4318,34.067,86.0753,0.172182,7.39039,6.36216
Paraguay,"Latin America & Caribbean",2015,6688.75,60.75,96.8362,0.328424,2.75677,0.0785933,93.3447,0.697666,5.7574,0.200238,99.092,0.08986,0.818091,0
Paraguay,"Latin America & Caribbean",2020,7132.53,62.183,99.5935,0.40653,0.00000342292,0,99.1112,0.888772,0,0,99.8867,0.113251,0,0
Peru,"Latin America & Caribbean",2015,30470.7,77.357,90.282,0.932583,5.76363,3.02179,73.2876,1.52304,12.9921,12.1973,95.2564,0.759752,3.64781,0.336052
Peru,"Latin America & Caribbean",2020,32971.8,78.297,93.1394,0.849559,4.15047,1.86061,80.7994,1.59694,9.61269,7.99093,96.5598,0.642393,2.63641,0.161354
Philippines,"South Asia",2015,102113,46.284,92.0177,2.92043,4.53214,0.529731,88.2082,3.82589,7.11121,0.854732,96.4389,1.86957,1.53893,0.152544
Philippines,"South Asia",2020,109581,47.408,94.109,2.85649,3.03448,0,91.0619,3.95952,4.97855,0,97.4893,1.63284,0.877831,0
Poland,"Europe & Central Asia",2015,38034.1,60.278,99.2321,0,0.76793,0,98.5379,0,1.4621,0,99.6895,0,0.310484,0
Poland,"Europe & Central Asia",2020,37846.6,60.043,99.9666,0,0.0334084,0,100,0,0,0,99.9444,0,0.0556452,0
Portugal,"Europe & Central Asia",2015,10368.3,63.514,99.9047,0,0.0953102,0,99.7388,0,0.261224,0,100,0,0,0
Portugal,"Europe & Central Asia",2020,10196.7,66.31,99.912,0,0.0880063,0,99.7388,0,0.261224,0,100,0,0,0
"Puerto Rico","Latin America & Caribbean",2015,3381.51,93.624,99.4255,0,0.57455,0,NULL,NULL,NULL,NULL,NULL,NULL,NULL,NULL
"Puerto Rico","Latin America & Caribbean",2020,2860.84,93.581,100,0,0,0,NULL,NULL,NULL,NULL,NULL,NULL,NULL,NULL
Qatar,"Europe & Central Asia",2015,2565.71,98.945,99.6915,0,0.308499,0,NULL,NULL,NULL,NULL,NULL,NULL,NULL,NULL
Qatar,"Europe & Central Asia",2020,2881.06,99.235,99.5681,0,0.431898,0,NULL,NULL,NULL,NULL,NULL,NULL,NULL,NULL
"Republic of Korea","East Asia & Pacific",2015,50823.1,81.634,99.4727,0,0.527254,0,NULL,NULL,NULL,NULL,NULL,NULL,NULL,NULL
"Republic of Korea","East Asia & Pacific",2020,51269.2,81.414,99.9314,0,0.0686034,0,NULL,NULL,NULL,NULL,NULL,NULL,NULL,NULL
"Republic of Moldova","Europe & Central Asia",2015,4070.71,42.49,88.576,1.48563,9.93834,0,82.5425,1.47022,15.9873,0,96.7424,1.50648,1.75112,0
"Republic of Moldova","Europe & Central Asia",2020,4033.96,42.849,90.57,1.51978,7.91026,0,85.481,1.52256,12.9964,0,97.3574,1.51606,1.1265,0
Réunion,"Sub-Saharan Africa",2015,863.359,99.339,99.9115,0,0.0884698,0,NULL,NULL,NULL,NULL,NULL,NULL,NULL,NULL
Réunion,"Sub-Saharan Africa",2020,895.308,99.659,100,0,0,0,NULL,NULL,NULL,NULL,NULL,NULL,NULL,NULL
Romania,"Europe & Central Asia",2015,19925.2,53.887,100,0,0,0,100,0,0,0,100,0,0,0
Romania,"Europe & Central Asia",2020,19237.7,54.194,100,0,0,0,100,0,0,0,100,0,0,0
"Russian Federation","Europe & Central Asia",2015,144985,74.05,96.5272,0.624487,2.84836,NULL,90.1101,1.55836,8.33153,NULL,98.7759,0.297219,0.726846,0.2
"Russian Federation","Europe & Central Asia",2020,145934,74.754,96.9925,0.621996,2.38546,NULL,91.5441,1.58316,6.87273,NULL,98.8326,0.29739,0.67001,0.2
Rwanda,"Sub-Saharan Africa",2015,11369.1,17.004,57.1218,22.154,13.4501,7.27405,52.3527,24.6088,14.9806,8.05785,80.3994,10.1723,5.97994,3.44834
Rwanda,"Sub-Saharan Africa",2020,12952.2,17.432,60.4145,22.3207,13.1548,4.10998,55.6425,25.0801,14.7789,4.49852,83.0176,9.25051,5.4623,2.26959
"Saint Barthelemy","Latin America & Caribbean",2015,9.696,100,99.9649,0,0.0350807,0,NULL,NULL,NULL,NULL,99.9649,0,0.0350807,0
"Saint Barthelemy","Latin America & Caribbean",2020,9.885,100,100,0,0,0,NULL,NULL,NULL,NULL,100,0,0,0
"Saint Helena","Sub-Saharan Africa",2015,5.869,39.54,98.95,0,1.05,0,NULL,NULL,NULL,NULL,NULL,NULL,NULL,NULL
"Saint Helena","Sub-Saharan Africa",2020,6.071,40.082,99.1,0,0.9,0,NULL,NULL,NULL,NULL,NULL,NULL,NULL,NULL
"Saint Kitts and Nevis","Latin America & Caribbean",2015,51.204,30.827,98.6119,0,1.38815,0,NULL,NULL,NULL,NULL,NULL,NULL,NULL,NULL
"Saint Kitts and Nevis","Latin America & Caribbean",2017,52.036,30.773,98.6119,0,1.38815,0,NULL,NULL,NULL,NULL,NULL,NULL,NULL,NULL
"Saint Lucia","Latin America & Caribbean",2015,179.131,18.515,95.5681,1.79021,2.6417,0,95.3123,1.70725,2.98049,0,96.694,2.15531,1.15066,0
"Saint Lucia","Latin America & Caribbean",2020,183.629,18.841,96.8878,1.81565,1.2965,0,96.814,1.73415,1.45182,0,97.2058,2.16672,0.627459,0
"Saint Martin (French part)","Latin America & Caribbean",2015,35.865,100,99.9998,0,0.000225804,0,NULL,NULL,NULL,NULL,99.9998,0,0.000225804,0
"Saint Martin (French part)","Latin America & Caribbean",2020,38.659,100,99.9993,0,0.000728611,0,NULL,NULL,NULL,NULL,99.9993,0,0.000728611,0
"Saint Pierre and Miquelon","North America",2015,5.992,89.889,91.4,0,8.6,0,NULL,NULL,NULL,NULL,NULL,NULL,NULL,NULL
"Saint Pierre and Miquelon","North America",2020,5.795,89.962,91.4,0,8.6,0,NULL,NULL,NULL,NULL,NULL,NULL,NULL,NULL
"Saint Vincent and the Grenadines","Latin America & Caribbean",2015,109.135,50.964,95.1452,0,4.07009,0.784686,NULL,NULL,NULL,NULL,NULL,NULL,NULL,NULL
"Saint Vincent and the Grenadines","Latin America & Caribbean",2018,110.21,52.198,95.1452,0,4.85478,NULL,NULL,NULL,NULL,NULL,NULL,NULL,NULL,NULL
Samoa,"East Asia & Pacific",2015,193.51,18.914,91.3214,6.49928,1.92982,0.249505,91.3864,6.19401,2.14853,0.27105,91.0426,7.80803,0.992181,0.157143
Samoa,"East Asia & Pacific",2020,198.41,17.889,91.8377,6.5209,1.41862,0.222752,91.7803,6.2207,1.72769,0.271282,92.1012,7.89881,0,0
"San Marino","Europe & Central Asia",2015,33.27,96.739,100,0,0,0,NULL,NULL,NULL,NULL,NULL,NULL,NULL,NULL
"San Marino","Europe & Central Asia",2020,33.938,97.499,100,0,0,0,NULL,NULL,NULL,NULL,NULL,NULL,NULL,NULL
"Sao Tome and Principe","Sub-Saharan Africa",2015,199.439,70.174,77.1242,18.3443,1.85958,2.67189,71.2827,17.073,4.11848,7.52576,79.607,18.8846,0.899481,0.608849
"Sao Tome and Principe","Sub-Saharan Africa",2020,219.161,74.354,78.2265,20.238,0.44352,1.09204,74.3006,19.7118,1.72941,4.25814,79.5805,20.4195,0,0
"Saudi Arabia","Europe & Central Asia",2015,31717.7,83.18,99.548,0,0.451974,0,NULL,NULL,NULL,NULL,NULL,NULL,NULL,NULL
"Saudi Arabia","Europe & Central Asia",2020,34813.9,84.287,100,0,0,0,NULL,NULL,NULL,NULL,NULL,NULL,NULL,NULL
Senegal,"Sub-Saharan Africa",2015,14578.5,45.862,78.6021,3.39215,17.5949,0.410848,65.9412,5.25341,28.0792,0.726194,93.5477,1.19501,5.2187,0.0385955
Senegal,"Sub-Saharan Africa",2020,16743.9,48.122,84.9052,2.38722,12.6078,0.099729,75.2429,4.05238,20.5125,0.192238,95.3217,0.592084,4.08622,0
Serbia,"Europe & Central Asia",2015,8876.78,55.696,93.3865,6.1121,0.483544,0.017903,94.7235,4.60044,0.635623,0.0404095,92.3229,7.31456,0.36257,0
Serbia,"Europe & Central Asia",2020,8737.37,56.446,95.2955,4.2442,0.44372,0.0165509,95.845,3.54586,0.57116,0.0380009,94.8716,4.78304,0.345392,0
Seychelles,"East Asia & Pacific",2015,94.981,55.4,96.2509,0,0,3.74911,NULL,NULL,NULL,NULL,NULL,NULL,NULL,NULL
Seychelles,"East Asia & Pacific",2019,97.741,57.119,96.8517,0,3.14825,NULL,NULL,NULL,NULL,NULL,NULL,NULL,NULL,NULL
"Sierra Leone","Sub-Saharan Africa",2015,7171.91,40.829,57.8475,8.19696,15.911,18.0446,45.5297,4.84049,21.717,27.9128,75.6988,13.0613,7.49666,3.74323
"Sierra Leone","Sub-Saharan Africa",2020,7976.98,42.923,63.7663,9.02332,15.5639,11.6465,52.7527,5.22114,23.1429,18.8832,78.4116,14.0793,5.48574,2.02335
Singapore,"East Asia & Pacific",2015,5592.14,100,100,0,0,0,NULL,NULL,NULL,NULL,100,0,0,0
Singapore,"East Asia & Pacific",2020,5850.34,100,100,0,0,0,NULL,NULL,NULL,NULL,100,0,0,0
"Sint Maarten (Dutch part)","Latin America & Caribbean",2015,39.967,100,95.3112,0,4.68882,0,NULL,NULL,NULL,NULL,95.3112,0,4.68882,0
"Sint Maarten (Dutch part)","Latin America & Caribbean",2017,41.444,100,95.3112,0,4.68882,0,NULL,NULL,NULL,NULL,95.3112,0,4.68882,0
Slovakia,"Europe & Central Asia",2015,5435.61,53.889,99.7872,0.212811,0,0,100,0,0,0,99.6051,0.394906,0,0
Slovakia,"Europe & Central Asia",2020,5459.64,53.76,99.7877,0.212301,0,0,100,0,0,0,99.6051,0.394906,0,0
Slovenia,"Europe & Central Asia",2015,2071.2,53.781,99.5,0,0.5,0,NULL,NULL,NULL,NULL,NULL,NULL,NULL,NULL
Slovenia,"Europe & Central Asia",2020,2078.93,55.118,99.5,0,0.5,0,NULL,NULL,NULL,NULL,NULL,NULL,NULL,NULL
"Solomon Islands","East Asia & Pacific",2015,603.133,22.36,69.3299,5.70527,18.989,5.97583,63.0121,6.33847,23.2846,7.3648,91.267,3.50662,4.07344,1.15297
"Solomon Islands","East Asia & Pacific",2020,686.878,24.67,67.301,5.79548,21.2678,5.63565,59.4053,6.52852,26.9559,7.1103,91.4108,3.55712,3.89929,1.13282
Somalia,"Sub-Saharan Africa",2015,13797.2,43.245,48.7112,23.4062,20.1541,7.72855,29.2282,28.8871,28.9758,12.9089,74.2807,16.2129,8.57648,0.929871
Somalia,"Sub-Saharan Africa",2020,15893.2,46.141,56.477,27.7042,13.417,2.40178,37.0759,36.6432,21.8215,4.45939,79.1233,17.2699,3.60678,0
"South Africa","Sub-Saharan Africa",2015,55386.4,64.828,91.8763,2.80316,2.07882,3.24168,79.0337,6.61767,5.13195,9.21665,98.844,0.733618,0.422368,0
"South Africa","Sub-Saharan Africa",2020,59308.7,67.354,93.8851,2.77274,1.41082,1.93139,83.3295,6.97736,3.777,5.91616,99.0013,0.734785,0.26395,0
"South Sudan","Sub-Saharan Africa",2015,10715.7,18.852,41.2475,30.6957,13.5544,14.5024,36.7268,32.6628,14.3101,16.3004,60.7069,22.2286,10.3016,6.76293
"South Sudan","Sub-Saharan Africa",2020,11194,20.2,41,37.4,13.5,8.1,33.5936,42.1644,14.1111,10.1309,70.0177,18.7107,11.2716,0
Spain,"Europe & Central Asia",2015,46671.9,79.602,99.9267,0,0.0732795,0,100,0,0,0,99.9079,0,0.0920548,0
Spain,"Europe & Central Asia",2020,46754.8,80.81,99.9256,0,0.0743874,0,100,0,0,0,99.9079,0,0.0920548,0
"Sri Lanka","South Asia",2015,20908,18.256,90.111,0.912801,6.76152,2.21465,88.2571,1.01629,8.01736,2.70925,98.4122,0.449414,1.13834,0
"Sri Lanka","South Asia",2020,21413.2,18.713,92.2276,0.595458,5.34893,1.82804,90.5374,0.70321,6.51049,2.24887,99.5694,0.127398,0.303222,0
Sudan,"Middle East & North Africa",2015,38902.9,33.894,58.9503,26.1118,5.63585,9.30208,51.7074,26.6878,8.12257,13.4822,73.0765,24.9885,0.785811,1.14928
Sudan,"Middle East & North Africa",2020,43849.3,35.253,60.4487,26.67,3.65022,9.23109,53.199,27.4576,5.63766,13.7057,73.7637,25.2234,0,1.0129
Suriname,"Latin America & Caribbean",2015,559.136,66.056,95.7477,0.882801,1.01383,2.35567,90.5796,1.28503,1.20051,6.93484,98.4034,0.676108,0.917907,0.00258545
Suriname,"Latin America & Caribbean",2020,586.634,66.149,97.9896,1.06725,0.379337,0.563785,96.5744,1.6003,0.159802,1.66549,98.7139,0.794465,0.491681,0
Sweden,"Europe & Central Asia",2015,9764.95,86.553,99.7812,0,0.218769,0,99.55,0,0.450013,0,99.8172,0,0.18284,0
Sweden,"Europe & Central Asia",2020,10099.3,87.977,99.8269,0,0.173132,0,99.7194,0,0.280625,0,99.8416,0,0.158442,0
Switzerland,"Europe & Central Asia",2015,8296.78,73.718,100,0,0,0,100,0,0,0,100,0,0,0
Switzerland,"Europe & Central Asia",2020,8654.62,73.915,100,0,0,0,100,0,0,0,100,0,0,0
"Syrian Arab Republic","Middle East & North Africa",2015,17997.4,52.168,93.5096,5.96808,0.522305,0,91.3857,7.85732,0.756971,0,95.457,4.23587,0.307143,0
"Syrian Arab Republic","Middle East & North Africa",2020,17500.7,55.475,93.9259,5.87373,0.200412,0,92.0827,7.91725,0,0,95.4052,4.23357,0.361266,0
Tajikistan,"Europe & Central Asia",2015,8454.02,26.742,76.2395,3.05001,3.94473,16.7658,69.5522,3.68102,4.85749,21.9093,94.559,1.3214,1.44432,2.67533
Tajikistan,"Europe & Central Asia",2020,9537.64,27.506,81.8524,2.56836,3.42186,12.1574,76.6436,3.20714,4.14071,16.0086,95.5806,0.884815,1.52727,2.00729
Thailand,"East Asia & Pacific",2015,68714.5,47.694,99.2592,0.217653,0.182251,0.340926,98.8795,0.245672,0.223021,0.65179,99.6755,0.186924,0.137539,0
Thailand,"East Asia & Pacific",2020,69800,51.43,100,0,0,0,100,0,0,0,100,0,0,0
Timor-Leste,"East Asia & Pacific",2015,1196.29,29.49,75.2501,3.48632,16.4607,4.80283,68.9594,4.20851,20.1952,6.63686,90.2911,1.75957,7.53164,0.417709
Timor-Leste,"East Asia & Pacific",2020,1318.44,31.32,85.4956,1.88587,8.36003,4.2585,80.4878,2.04936,11.2623,6.2005,96.477,1.52734,1.9957,0
Togo,"Sub-Saharan Africa",2015,7323,40.1,63.6,5.7,17.2,13.5,47.2422,7.33465,23.47,21.9531,88.1273,3.17285,7.78146,0.918369
Togo,"Sub-Saharan Africa",2020,8279,42.8,68.6,6.1,14.2,11.2,52.1176,8.18754,20.7911,18.9038,90.5899,3.22935,5.30799,0.872751
Tokelau,"East Asia & Pacific",2015,1.247,0,99.4574,0,0.542604,0,99.4574,0,0.542604,0,NULL,NULL,NULL,NULL
Tokelau,"East Asia & Pacific",2020,1.35,0,99.7077,0,0.292323,0,99.7077,0,0.292323,0,NULL,NULL,NULL,NULL
Tonga,"East Asia & Pacific",2015,100.78,23.275,98.5497,0.878982,0.571313,0,98.3931,1.10232,0.504633,0,99.0661,0.142762,0.791128,0
Tonga,"East Asia & Pacific",2020,105.697,23.099,98.7311,0.881497,0.387422,0,98.4681,1.10316,0.428762,0,99.6067,0.143541,0.249801,0
"Trinidad and Tobago","Latin America & Caribbean",2015,1370.33,53.319,98.1362,1.11642,0.569282,0.178118,NULL,NULL,NULL,NULL,NULL,NULL,NULL,NULL
"Trinidad and Tobago","Latin America & Caribbean",2020,1399.49,53.214,98.8752,1.12483,0,0,NULL,NULL,NULL,NULL,NULL,NULL,NULL,NULL
Tunisia,"Sub-Saharan Africa",2015,11180,68.1,94.8,2.9,2.2,0.1,85.5907,7.63648,6.53699,0.235855,99.1894,0.676945,0.133607,0
Tunisia,"Sub-Saharan Africa",2020,11819,69.6,97.5,1.6,0.8,0,93.9362,3.35169,2.71208,0,99.1212,0.878802,0,0
Turkey,"Europe & Central Asia",2015,78529.4,73.611,96.2562,2.02675,1.51887,0.198223,94.2039,2.63366,2.74046,0.422,96.9919,1.80918,1.08094,0.118
Turkey,"Europe & Central Asia",2020,84339.1,76.105,97.0143,2.02308,0.737675,0.224978,96.0252,2.68457,0.788256,0.502,97.3248,1.81539,0.721797,0.138
Turkmenistan,"Europe & Central Asia",2015,5565.28,50.317,97.6589,0.947915,0.24775,1.14539,96.2198,1.00095,0.473865,2.3054,99.08,0.895544,0.0244843,0
Turkmenistan,"Europe & Central Asia",2020,6031.19,52.516,100,0,0,0,100,0,0,0,100,0,0,0
"Turks and Caicos Islands","Latin America & Caribbean",2015,35.979,92.195,94.3182,0,5.68182,0,NULL,NULL,NULL,NULL,NULL,NULL,NULL,NULL
"Turks and Caicos Islands","Latin America & Caribbean",2018,37.667,93.098,94.3182,0,5.68182,0,NULL,NULL,NULL,NULL,NULL,NULL,NULL,NULL
Tuvalu,"East Asia & Pacific",2015,11.099,59.73,100,0,0,0,100,0,0,0,100,0,0,0
Tuvalu,"East Asia & Pacific",2020,11.792,64.014,100,0,0,0,100,0,0,0,100,0,0,0
Uganda,"Sub-Saharan Africa",2015,38225,22.1,47.8,30.1,15.1,7,39.717,34.1766,17.5191,8.58732,76.5464,15.6763,6.58372,1.19363
Uganda,"Sub-Saharan Africa",2020,45741,25,55.9,27.3,12.2,4.7,48.2312,31.7847,14.0762,5.90796,78.7829,13.7442,6.42104,1.05194
Ukraine,"Europe & Central Asia",2015,44921.6,69.061,93.6569,5.63087,0.436456,0.275763,98.8431,0,0.944405,0.212483,91.3335,8.15348,0.208901,0.304112
Ukraine,"Europe & Central Asia",2020,43733.8,69.608,93.9283,5.67198,0.0759045,0.323835,100,0,0,0,91.2773,8.14846,0.109046,0.465226
"United Arab Emirates","Europe & Central Asia",2015,9262.9,85.674,99.9713,0,0.0286675,0,NULL,NULL,NULL,NULL,NULL,NULL,NULL,NULL
"United Arab Emirates","Europe & Central Asia",2020,9890.4,87.048,99.9656,0,0.034404,0,NULL,NULL,NULL,NULL,NULL,NULL,NULL,NULL
"United Kingdom","Europe & Central Asia",2015,65860.1,82.626,100,0,0,0,100,0,0,0,100,0,0,0
"United Kingdom","Europe & Central Asia",2020,67886,83.903,100,0,0.00000143853,0,100,0,0,0,100,0,0,0
"United Republic of Tanzania","Sub-Saharan Africa",2015,51483,31.6,53,11.3,21.4,14.3,38.8634,13.1929,28.1933,19.7504,83.4609,7.2342,6.66045,2.64449
"United Republic of Tanzania","Sub-Saharan Africa",2020,59734,35.2,60.7,11.3,14.5,13.5,45.447,13.9837,21.22,19.3494,88.7939,6.33723,2.19418,2.67467
"United States of America","North America",2015,320878,81.671,99.4472,0,0.552842,0,97.7801,0,2.21988,0,99.8213,0,0.17872,0
"United States of America","North America",2020,331003,82.664,99.8835,0,0.116473,0,99.6708,0,0.329213,0,99.9281,0,0.0718555,0
"United States Virgin Islands","Latin America & Caribbean",2015,104.95,95.35,98.7183,0,1.28173,0,NULL,NULL,NULL,NULL,NULL,NULL,NULL,NULL
"United States Virgin Islands","Latin America & Caribbean",2020,104.423,95.939,98.7183,0,1.28173,0,NULL,NULL,NULL,NULL,NULL,NULL,NULL,NULL
Uruguay,"Latin America & Caribbean",2015,3412.01,95.045,99.1314,0.538105,0.307497,0.0230002,91.4958,4.51155,3.52842,0.464182,99.5295,0.330956,0.139582,0
Uruguay,"Latin America & Caribbean",2020,3473.73,95.515,99.4958,0.504242,0,0,95.3008,4.69917,0,0,99.6927,0.307266,0,0
Uzbekistan,"Europe & Central Asia",2015,30929.6,50.75,97.5286,0,0,2.47142,95.6424,0,0,4.35761,99.359,0,0,0.640984
Uzbekistan,"Europe & Central Asia",2020,33469.2,50.416,97.8288,0,0.223844,1.94737,96.0726,0,0,3.92742,99.556,0,0.443994,0
Vanuatu,"East Asia & Pacific",2015,271.128,24.961,89.9882,1.05094,1.545,7.41588,86.9781,1.23498,1.90427,9.8827,99.0374,0.497675,0.464969,0
Vanuatu,"East Asia & Pacific",2020,307.15,25.525,91.2312,1.06239,0,7.70642,88.3972,1.25513,0,10.3477,99.5,0.5,0,0
"Venezuela (Bolivarian Republic of)","Latin America & Caribbean",2015,30081.8,88.154,94.5713,0.475233,3.57526,1.37823,NULL,NULL,NULL,NULL,NULL,NULL,NULL,NULL
"Venezuela (Bolivarian Republic of)","Latin America & Caribbean",2020,28435.9,88.279,93.6858,0.470783,5.84342,NULL,NULL,NULL,NULL,NULL,NULL,NULL,NULL,NULL
"Viet Nam","East Asia & Pacific",2015,92677.1,33.809,93.3281,0.0520718,6.16362,0.45625,90.8331,0,8.47764,0.689292,98.2127,0.154018,1.63324,0
"Viet Nam","East Asia & Pacific",2020,97338.6,37.34,96.8844,0,3.11564,0,95.5145,0,4.48546,0,99.183,0,0.81696,0
"Wallis and Futuna Islands","East Asia & Pacific",2015,12.262,0,99.3214,0,0.678618,0,99.3214,0,0.678618,0,NULL,NULL,NULL,NULL
"Wallis and Futuna Islands","East Asia & Pacific",2020,11.246,0,99.1433,0,0.856713,0,99.1433,0,0.856713,0,NULL,NULL,NULL,NULL
"West Bank and Gaza Strip","Europe & Central Asia",2015,4529.16,75.368,96.3799,0.587535,3.03261,NULL,95.3811,0.992731,3.62613,NULL,96.7063,0.455107,2.83863,NULL
"West Bank and Gaza Strip","Europe & Central Asia",2020,5101.42,76.719,97.8804,1.02998,1.08962,NULL,98.7156,0.317401,0.967043,NULL,97.627,1.24622,1.12682,NULL
Yemen,"Europe & Central Asia",2015,26497.9,34.777,55.7789,26.0356,14.7097,3.47578,44.9583,28.7946,21.1038,5.14331,76.0725,20.8612,2.7179,0.348389
Yemen,"Europe & Central Asia",2020,29826,37.908,60.6636,28.9627,7.77785,2.59584,50.6813,33.5302,11.6078,4.18063,77.0141,21.4814,1.50449,0
Zambia,"Sub-Saharan Africa",2015,15879,41.9,61.3,5.7,23.3,9.7,43.6168,7.21087,33.2572,15.9151,85.9055,3.49562,9.58261,1.01627
Zambia,"Sub-Saharan Africa",2020,18384,44.6,65.4,6.2,21.6,6.9,48.2273,8.3317,31.6087,11.8324,86.7339,3.452,9.13041,0.683735
Zimbabwe,"Sub-Saharan Africa",2015,13815,32.4,65,12.5,15.9,6.7,51.2501,16.3967,22.5145,9.83874,93.5686,4.23072,2.0864,0.114243
Zimbabwe,"Sub-Saharan Africa",2020,14863,32.2,62.7,14.2,16.3,6.9,48.2824,18.591,23.0136,10.1129,92.8951,4.96452,2.1223,0.0180546
"Maji Ndogo","Sub-Saharan Africa",2015,27628.1,36,47.6,31.4,12.8,8.2,41.15,36.68,12.67,9.49,58.32,22.57,12.21,6.89
"Maji Ndogo","Sub-Saharan Africa",2020,27628.1,36,47.6,31.4,12.8,8.2,41.15,36.68,12.67,9.49,58.32,22.57,12.21,6.89
